	Se5Qh5Ar4F
	m9Ix3Hn7Rh
	6Fn4Cn5Np3
	Xk0Sh4Xj5O
	b3Xb5Ht6Rl
	9Yc4Sx3Ep4
	Rl8Al9Me5F
	a7Tx4Va1Gz
	7My2Zf9Qd8
	Ti4Ad1Tz3Z
	h1Bo5Sh7Rz
	6Pp3Mu8Vo2
	Rb6Wx8Bc7X
	e7Ox9Qa1Pd
	9Cv9Df7Yz5
	Kh0Dx5Fu3N
	t7Tg5Ww0Ah
	9Dd0Yu7Qy5
	Ib2Ec3Gy3U
	d4Mr6Cr6Nx
	7Ez5Ay4Xu5
	Gz1Hg9Io2U
	p0Fh0Gk1Zl
	8Cr7Hk1He0
	Cl4Mh0Ti9N
	l3Co0Vn4Vu
	3Ob5Fc9Rx0
	Ev3Bc0Ms6E
	i2Au1Vx5Ul
	9Bn4Yo9Tl0
	Il7Pu1Gc3A
	k1Ww8Vr9Dg
	1Em1Eq0Ff4
	Ti7Gu4Dr2O
	n9Jr4Qn9Ny
	7Qr1Od8Fx1
	Ma6Ln8Xj3A
	w5Af5Hf8Al
	2Dk5Te4Qn5
	Sl7Ix0Nj2H
	u4Lv8Xc3Ut
	3Jw5Bg1Jp0
	Ho6Fj9Xv3J
	o6Om5Ty1Pm
	5Yz1Ya6Jx0
	Mw9Jc2Fl4W
	a5Ot5Nr5Vo
	5Ko6Gp6Pd7
	Ws2Fi1Br9W
	q6Jw0Wy2Uu
